generator,preprocessing,model,R2,RMSE,MAE,MSE,samples,features
FunctionGenerator,,LinearRegression,0.8853880317710984,0.10672158323086496,0.08524706270839708,0.011389496327302436,1000,1
FunctionGenerator,,Ridge,0.8967677921602712,0.10301951306733165,0.08102699959550912,0.010613020072630116,1000,1
FunctionGenerator,,Lasso,-0.00638227910330702,0.30576073344327326,0.26000285087496117,0.0934896261157684,1000,1
FunctionGenerator,,RandomForestRegressor,0.8484442563461287,0.11952580960022541,0.09455221502006453,0.014286419160589337,1000,1
FunctionGenerator,,SERRegressor,0.8292426309100425,0.12082469010530604,0.09598574925306949,0.01459860573904324,1000,1
