preprocessing,model,R2,RMSE,MAE,MSE
,SERRegressor,0.8661375306325501,0.10978785038881989,0.08764645907088264,0.012053372092997899
,LinearRegression,0.7478431465949003,0.15068161070255234,0.12073055836730197,0.022704947803915538
SMOGNPreprocessor,LinearRegression,0.5012455601930195,0.2119181983408928,0.18015219987248543,0.044909322788049974
